file_name,processing_time,memory_usage_mb,confidence_score,scientific_numbers,equations,tables,figures,avg_line_length,line_length_std,layout_consistency
2411.04106v1.pdf,7.322845220565796,8.66796875,78.83195020746888,0,0,0,0,79.18666666666667,26.67367907798914,0.33684558525832387
2411.04108v1.pdf,4.761899709701538,13.23828125,80.41125541125541,0,0,0,0,64.80952380952381,31.935379764856776,0.4927575129037416
2411.04109v1.pdf,5.809523820877075,8.3828125,83.91337386018238,0,0,0,0,78.6078431372549,30.133740083606856,0.38334266506958087
2411.04112v1.pdf,7.412029027938843,8.3203125,82.55081300813008,0,0,0,0,106.47272727272727,23.382086807448868,0.21960634808908602
2411.04118v1.pdf,6.141590595245361,8.66796875,79.1490514905149,0,0,0,0,77.46428571428571,24.48976775083414,0.31614269111265836
